Text,Labels,PII
Option protect 0070 Steven Lodge away just member.,Address,0070 Steven Lodge
"Large street quality subject figure such. 5103 Alyssa Junction Suite 026 South Matthew, SD 33398",Address,"5103 Alyssa Junction Suite 026 South Matthew, SD 33398"
"84205 Jonathan Well Suite 322 West Kellyberg, TN 75010 Probably box much action even. Full space fast ahead few next.",Address,"84205 Jonathan Well Suite 322 West Kellyberg, TN 75010"
Small any occur level. Option third his set black. Effort get number. Apt. 483,Address,Apt. 483
Determine sit various quite as present. Watch organization somebody situation organization Suite 249 couple.,Address,Suite 249
Cell leader respond receive. Then account stay reveal ago simply. 675 Allen Vista,Address,675 Allen Vista
Me method lot possible month edge your. Save education lawyer life. Heart Suite 023 its call official themselves great.,Address,Suite 023
Than western number available person safe. Somebody sign Suite 838 who draw fund.,Address,Suite 838
Minute man fish plan before star let 1571 Amy Parks Apt. 989 three. Poor center very present indicate building from.,Address,1571 Amy Parks Apt. 989
Letter test consider because different to land. Me nearly great home describe decade. Campaign realize kitchen Suite 044 away necessary.,Address,Suite 044
1000 Bowen Light Inside gun save forget course out allow. Performance sort house find save daughter run. Hand so economy more network fact right.,Address,1000 Bowen Light
"Environment choice front choose generation. Different real top 4310 Keith Inlet Apt. 739 Weissstad, UT 20047 Democrat. Under serious great behind.",Address,"4310 Keith Inlet Apt. 739 Weissstad, UT 20047"
Simple history state matter among couple thus. Minute another sing seem mouth community good. 6977 Alexander Curve Apt. 422 Message though herself act.,Address,6977 Alexander Curve Apt. 422
On eight happy success. Suite 023 Close ask good.,Address,Suite 023
Others energy available those tonight party probably yes. Education 56473 Jessica Pine fly only loss herself occur leader. Her century phone than agency other. Those reveal question be rather work treatment.,Address,56473 Jessica Pine
Case current management 675 Allen Vista war. Project Republican military school like.,Address,675 Allen Vista
Response station suffer health each budget. Hand dog Suite 162 so once.,Address,Suite 162
"Industry everything floor service. So war leave over form college floor. Site he buy similar event 16328 Sean Junction Suite 907 Lake Alicestad, VA 05697 mouth challenge.",Address,"16328 Sean Junction Suite 907 Lake Alicestad, VA 05697"
Apt. 613 Range major baby manage news. Myself another like describe budget town attack. Campaign ability reduce yes form child.,Address,Apt. 613
Through choose box from. Exactly total Apt. 265 receive show hard develop star.,Address,Apt. 265
"For nor center minute major. Professional big necessary door change per nearly 64675 Peter Crescent Apt. 489 Jonesmouth, WI 39985 on. Positive rock thus allow imagine consumer type.",Address,"64675 Peter Crescent Apt. 489 Jonesmouth, WI 39985"
Language report land. Play Apt. 641 me pay nothing.,Address,Apt. 641
Spring party prevent visit relationship life. Event Apt. 483 student include art audience policy.,Address,Apt. 483
Analysis from arrive summer Mr but. Measure entire evening 0070 Steven Lodge soon. Moment few structure nor away.,Address,0070 Steven Lodge
Suite 162 Herself nothing ability security certain you attorney. Number under them day.,Address,Suite 162
"Give until smile necessary 64675 Peter Crescent Apt. 489 Jonesmouth, WI 39985 fly street.",Address,"64675 Peter Crescent Apt. 489 Jonesmouth, WI 39985"
675 Allen Vista Floor arrive reality image listen. Sister condition side impact my shoulder.,Address,675 Allen Vista
Now open war center Suite 044 with. Television picture wide determine prevent gas.,Address,Suite 044
Evening Suite 162 close live now on there. Area put onto water. Produce oil condition game event.,Address,Suite 162
Approach my party. Suite 162 Reality table home maybe.,Address,Suite 162
Option 4874330458376622275 protect away just member.,CreditCardNumber,4874330458376622275
Large street quality 4869622050308124 subject figure such.,CreditCardNumber,4869622050308124
Probably box much 4460366323476780495 action even. Full space fast ahead few next.,CreditCardNumber,4460366323476780495
Small any occur level. Option third his set black. Effort get 4410167923269040 number.,CreditCardNumber,4410167923269040
Determine sit various quite as 30495564752802 present. Watch organization somebody situation organization couple.,CreditCardNumber,30495564752802
Cell 4953179298324 leader respond receive. Then account stay reveal ago simply.,CreditCardNumber,4953179298324
Me method lot 4606463893204248 possible month edge your. Save education lawyer life. Heart its call official themselves great.,CreditCardNumber,4606463893204248
Than western number available person safe. Somebody sign who draw 180009584370160 fund.,CreditCardNumber,180009584370160
180029204543384 Minute man fish plan before star let three. Poor center very present indicate building from.,CreditCardNumber,180029204543384
Letter test consider because different to land. Me nearly great home 2334127371935549 describe decade. Campaign realize kitchen away necessary.,CreditCardNumber,2334127371935549
Inside gun save forget course out allow. Performance sort 4953179298324 house find save daughter run. Hand so economy more network fact right.,CreditCardNumber,4953179298324
Environment choice front 2334127371935549 choose generation. Different real top Democrat. Under serious great behind.,CreditCardNumber,2334127371935549
Simple history state matter among couple thus. Minute another sing seem mouth community good. 676157870962 Message though herself act.,CreditCardNumber,676157870962
On eight happy success. 5298774943182493 Close ask good.,CreditCardNumber,5298774943182493
Others energy available those tonight party probably yes. Education fly only loss herself occur leader. Her century phone than agency other. Those reveal question be rather work treatment. 347485447048013,CreditCardNumber,347485447048013
Case current management 180029204543384 war. Project Republican military school like.,CreditCardNumber,180029204543384
Response station suffer health 5584588150372495 each budget. Hand dog so once.,CreditCardNumber,5584588150372495
Industry everything floor service. So war leave over 180009584370160 form college floor. Site he buy similar event mouth challenge.,CreditCardNumber,180009584370160
Range major baby manage news. Myself another like describe budget town 4571518620077448 attack. Campaign ability reduce yes form child.,CreditCardNumber,4571518620077448
Through choose box from. Exactly total receive 180029204543384 show hard develop star.,CreditCardNumber,180029204543384
For nor center minute major. Professional big necessary door change per nearly on. Positive rock thus allow imagine 6011088838390887 consumer type.,CreditCardNumber,6011088838390887
Language report land. 180071395308391 Play me pay nothing.,CreditCardNumber,180071395308391
Spring party prevent visit relationship life. Event student include art audience policy. 4196654921149,CreditCardNumber,4196654921149
Analysis from arrive summer Mr but. Measure entire evening soon. Moment few structure nor away. 2334127371935549,CreditCardNumber,2334127371935549
Herself nothing ability security certain you attorney. Number 4196654921149 under them day.,CreditCardNumber,4196654921149
Give until smile necessary fly street. 4029549460162761752,CreditCardNumber,4029549460162761752
Floor arrive reality image listen. Sister 347485447048013 condition side impact my shoulder.,CreditCardNumber,347485447048013
Now open war center with. Television picture wide determine prevent gas. 347485447048013,CreditCardNumber,347485447048013
Evening 180071395308391 close live now on there. Area put onto water. Produce oil condition game event.,CreditCardNumber,180071395308391
Approach my party. Reality table home maybe. 3556318500665524,CreditCardNumber,3556318500665524
Option protect away just patricknixon@example.org member.,Email,patricknixon@example.org
Large brownlori@example.org street quality subject figure such.,Email,brownlori@example.org
Probably box much action even. Full space fast ahead few bauermaria@example.com next.,Email,bauermaria@example.com
Small any occur level. Option third his set black. Effort get number. wstewart@example.org,Email,wstewart@example.org
Determine sit triley@example.net various quite as present. Watch organization somebody situation organization couple.,Email,triley@example.net
Cell leader respond receive. Then account adam80@example.com stay reveal ago simply.,Email,adam80@example.com
Me method wschmitt@example.org lot possible month edge your. Save education lawyer life. Heart its call official themselves great.,Email,wschmitt@example.org
Than western number available person safe. Somebody sign who draw sampsonlori@example.org fund.,Email,sampsonlori@example.org
Minute man fish plan gsimon@example.com before star let three. Poor center very present indicate building from.,Email,gsimon@example.com
Letter test consider because different to catherine46@example.org land. Me nearly great home describe decade. Campaign realize kitchen away necessary.,Email,catherine46@example.org
Inside gun save forget course out allow. Performance sort house find save daughter run. Hand so economy pamelaharrell@example.com more network fact right.,Email,pamelaharrell@example.com
Environment patricknixon@example.org choice front choose generation. Different real top Democrat. Under serious great behind.,Email,patricknixon@example.org
Simple history state matter among couple thus. Minute another sing seem mouth triley@example.net community good. Message though herself act.,Email,triley@example.net
bauermaria@example.com On eight happy success. Close ask good.,Email,bauermaria@example.com
Others energy available those tonight party probably yes. Education fly only loss herself occur leader. Her century phone than agency other. Those craignelson@example.com reveal question be rather work treatment.,Email,craignelson@example.com
Case current management war. Project johnhardy@example.net Republican military school like.,Email,johnhardy@example.net
Response station suffer health each budget. Hand bauermaria@example.com dog so once.,Email,bauermaria@example.com
Industry everything floor service. tfreeman@example.com So war leave over form college floor. Site he buy similar event mouth challenge.,Email,tfreeman@example.com
Range major baby manage news. Myself another like describe budget town attack. sampsonlori@example.org Campaign ability reduce yes form child.,Email,sampsonlori@example.org
Through choose box from. Exactly total receive show hard develop star. bauermaria@example.com,Email,bauermaria@example.com
For allenamber@example.org nor center minute major. Professional big necessary door change per nearly on. Positive rock thus allow imagine consumer type.,Email,allenamber@example.org
Language report land. Play me tfreeman@example.com pay nothing.,Email,tfreeman@example.com
Spring party prevent visit relationship life. Event student include art audience policy. yjohnson@example.net,Email,yjohnson@example.net
Analysis from arrive chenderson@example.net summer Mr but. Measure entire evening soon. Moment few structure nor away.,Email,chenderson@example.net
Herself nothing ability security certain you attorney. elopez@example.net Number under them day.,Email,elopez@example.net
Give until smile necessary sierra54@example.com fly street.,Email,sierra54@example.com
Floor arrive reality image adam80@example.com listen. Sister condition side impact my shoulder.,Email,adam80@example.com
Now open war center with. jose53@example.org Television picture wide determine prevent gas.,Email,jose53@example.org
Evening close live now on there. Area put onto mckenzietara@example.net water. Produce oil condition game event.,Email,mckenzietara@example.net
Approach my party. Reality table home maybe. allenamber@example.org,Email,allenamber@example.org
Option protect away Michael Webb just member.,Name,Michael Webb
Large street quality subject Elliott figure such.,Name,Elliott
Probably box much action even. Potts Full space fast ahead few next.,Name,Potts
Paul Small any occur level. Option third his set black. Effort get number.,Name,Paul
Determine sit various quite as present. Watch Eric Petty organization somebody situation organization couple.,Name,Eric Petty
Cell leader respond receive. Then account stay reveal Amy Morgan ago simply.,Name,Amy Morgan
Me method lot possible month edge your. Save education lawyer life. Heart its call Jones official themselves great.,Name,Jones
Than western number available person safe. Somebody sign who James draw fund.,Name,James
Rogers Minute man fish plan before star let three. Poor center very present indicate building from.,Name,Rogers
Letter test consider because different to land. Me nearly great home describe decade. Campaign realize kitchen Courtney away necessary.,Name,Courtney
Inside gun save forget course out Smith allow. Performance sort house find save daughter run. Hand so economy more network fact right.,Name,Smith
Environment choice front choose generation. Different real top Democrat. Elliott Under serious great behind.,Name,Elliott
Simple history state matter among couple thus. Minute another sing seem mouth community Jason Weaver good. Message though herself act.,Name,Jason Weaver
On eight happy Eric Petty success. Close ask good.,Name,Eric Petty
Others energy available those tonight party probably yes. Education fly only loss herself occur Amy Morgan leader. Her century phone than agency other. Those reveal question be rather work treatment.,Name,Amy Morgan
Potts Case current management war. Project Republican military school like.,Name,Potts
Response Johnston station suffer health each budget. Hand dog so once.,Name,Johnston
Industry Day everything floor service. So war leave over form college floor. Site he buy similar event mouth challenge.,Name,Day
Range major baby manage news. Myself another like describe budget town attack. Campaign ability reduce yes form child. Eric Petty,Name,Eric Petty
Through choose box from. Exactly total receive show hard develop Shawn Lloyd star.,Name,Shawn Lloyd
For nor center minute major. Professional big necessary door change per nearly on. Positive rock thus allow imagine consumer type. Rogers,Name,Rogers
Language report land. Katherine Play me pay nothing.,Name,Katherine
Spring party prevent visit relationship life. Event student Dylan Adams include art audience policy.,Name,Dylan Adams
Analysis Smith from arrive summer Mr but. Measure entire evening soon. Moment few structure nor away.,Name,Smith
Herself nothing ability security certain you attorney. Number under Hannah them day.,Name,Hannah
Give until smile necessary fly street. Leslie,Name,Leslie
Floor arrive reality image listen. Sister Adam condition side impact my shoulder.,Name,Adam
Now open war center with. Television picture Rogers wide determine prevent gas.,Name,Rogers
Evening close live now on there. Area put onto water. Produce oil condition game event. Lindsey Jackson,Name,Lindsey Jackson
Approach my Shawn Lloyd party. Reality table home maybe.,Name,Shawn Lloyd
Option protect away just 148-044-8993x8206 member.,Phone_number,148-044-8993x8206
+1-189-013-2988x414 Large street quality subject figure such.,Phone_number,+1-189-013-2988x414
Probably box much action even. Full space fast ahead +1-339-260-5002x4851 few next.,Phone_number,+1-339-260-5002x4851
Small any occur level. Option third his set 001-784-331-2210x29338 black. Effort get number.,Phone_number,001-784-331-2210x29338
(737)765-3085x12950 Determine sit various quite as present. Watch organization somebody situation organization couple.,Phone_number,(737)765-3085x12950
Cell leader respond receive. Then 5023469494 account stay reveal ago simply.,Phone_number,5023469494
Me method lot possible month edge your. Save education lawyer life. Heart its call official themselves (674)114-0425 great.,Phone_number,(674)114-0425
Than western number available person safe. Somebody sign who draw fund. 001-716-456-6690,Phone_number,001-716-456-6690
278-643-3248 Minute man fish plan before star let three. Poor center very present indicate building from.,Phone_number,278-643-3248
Letter test consider because 066.521.9252x4889 different to land. Me nearly great home describe decade. Campaign realize kitchen away necessary.,Phone_number,066.521.9252x4889
Inside gun save forget course out allow. Performance sort house find 231.697.6080x60357 save daughter run. Hand so economy more network fact right.,Phone_number,231.697.6080x60357
Environment +1-452-062-1396 choice front choose generation. Different real top Democrat. Under serious great behind.,Phone_number,+1-452-062-1396
Simple history state matter among couple thus. Minute another sing seem mouth community good. +1-452-062-1396 Message though herself act.,Phone_number,+1-452-062-1396
On eight happy success. 278-643-3248 Close ask good.,Phone_number,278-643-3248
Others energy available those tonight party probably +1-189-013-2988x414 yes. Education fly only loss herself occur leader. Her century phone than agency other. Those reveal question be rather work treatment.,Phone_number,+1-189-013-2988x414
Case current 236-157-1674x300 management war. Project Republican military school like.,Phone_number,236-157-1674x300
Response station suffer +1-189-013-2988x414 health each budget. Hand dog so once.,Phone_number,+1-189-013-2988x414
Industry everything floor service. So war leave over form college floor. Site he 001-716-456-6690 buy similar event mouth challenge.,Phone_number,001-716-456-6690
Range major baby (697)954-3053x5756 manage news. Myself another like describe budget town attack. Campaign ability reduce yes form child.,Phone_number,(697)954-3053x5756
Through 148-044-8993x8206 choose box from. Exactly total receive show hard develop star.,Phone_number,148-044-8993x8206
278-643-3248 For nor center minute major. Professional big necessary door change per nearly on. Positive rock thus allow imagine consumer type.,Phone_number,278-643-3248
Language report land. +1-814-579-6481x263 Play me pay nothing.,Phone_number,+1-814-579-6481x263
Spring party prevent visit (273)140-3547x98497 relationship life. Event student include art audience policy.,Phone_number,(273)140-3547x98497
Analysis from arrive summer Mr but. Measure entire evening soon. Moment few structure nor away. 251-106-4725,Phone_number,251-106-4725
Herself nothing ability security certain you attorney. Number under them day. +1-452-062-1396,Phone_number,+1-452-062-1396
Give until smile necessary fly 001-208-047-7694x60913 street.,Phone_number,001-208-047-7694x60913
Floor arrive reality image listen. Sister condition side impact my shoulder. 001-784-331-2210x29338,Phone_number,001-784-331-2210x29338
+1-339-260-5002x4851 Now open war center with. Television picture wide determine prevent gas.,Phone_number,+1-339-260-5002x4851
Evening close live now on there. Area put onto water. 001-208-047-7694x60913 Produce oil condition game event.,Phone_number,001-208-047-7694x60913
(978)396-9158x6062 Approach my party. Reality table home maybe.,Phone_number,(978)396-9158x6062
Option protect away 36O JE4 just member.,Plates,36O JE4
OPK S00 Large street quality subject figure such.,Plates,OPK S00
Probably 841 HCN box much action even. Full space fast ahead few next.,Plates,841 HCN
Small any occur level. Option third 436 VIR his set black. Effort get number.,Plates,436 VIR
Determine sit various quite as 48G 011 present. Watch organization somebody situation organization couple.,Plates,48G 011
Cell leader respond receive. PBR-007 Then account stay reveal ago simply.,Plates,PBR-007
Me method lot possible month edge your. Save education lawyer life. M32-PSA Heart its call official themselves great.,Plates,M32-PSA
Than western 955EOI number available person safe. Somebody sign who draw fund.,Plates,955EOI
Minute man fish plan before 48G 011 star let three. Poor center very present indicate building from.,Plates,48G 011
Letter test consider because different to land. Me nearly great home describe decade. Campaign realize kitchen away necessary. 258 ESD,Plates,258 ESD
Inside gun save forget course out allow. 47T E75 Performance sort house find save daughter run. Hand so economy more network fact right.,Plates,47T E75
Environment choice front choose generation. RNK 059 Different real top Democrat. Under serious great behind.,Plates,RNK 059
Simple history state matter among couple 47T E75 thus. Minute another sing seem mouth community good. Message though herself act.,Plates,47T E75
1FE7904 On eight happy success. Close ask good.,Plates,1FE7904
Others energy available those tonight party probably yes. Education fly only loss herself occur leader. Her century phone than agency other. Those 293602 reveal question be rather work treatment.,Plates,293602
Case current management war. GI2 D0I Project Republican military school like.,Plates,GI2 D0I
Response station suffer health each budget. GI2 D0I Hand dog so once.,Plates,GI2 D0I
Industry everything E25 7CP floor service. So war leave over form college floor. Site he buy similar event mouth challenge.,Plates,E25 7CP
Range major baby manage news. Myself another like describe budget town attack. Campaign ability reduce yes M32-PSA form child.,Plates,M32-PSA
Through choose box from. Exactly GI2 D0I total receive show hard develop star.,Plates,GI2 D0I
For nor center minute major. Professional big necessary door 314 7283 change per nearly on. Positive rock thus allow imagine consumer type.,Plates,314 7283
Language report land. Play me pay nothing. M32-PSA,Plates,M32-PSA
Spring party prevent visit relationship life. BX-5120 Event student include art audience policy.,Plates,BX-5120
Analysis from arrive summer Mr PBR-007 but. Measure entire evening soon. Moment few structure nor away.,Plates,PBR-007
Herself 8SD1145 nothing ability security certain you attorney. Number under them day.,Plates,8SD1145
Give GI2 D0I until smile necessary fly street.,Plates,GI2 D0I
Floor arrive reality image PPB-127 listen. Sister condition side impact my shoulder.,Plates,PPB-127
Now open war 361 IQ7 center with. Television picture wide determine prevent gas.,Plates,361 IQ7
Evening close live now on there. 36K RU9 Area put onto water. Produce oil condition game event.,Plates,36K RU9
841 HCN Approach my party. Reality table home maybe.,Plates,841 HCN
Option 675-48-8401 protect away just member.,SSN,675-48-8401
Large street 532-47-0557 quality subject figure such.,SSN,532-47-0557
Probably box much action even. Full space fast ahead few next. 511-03-9257,SSN,511-03-9257
Small any occur level. Option third his set 237 06 7445 black. Effort get number.,SSN,237 06 7445
Determine sit various quite as present. Watch organization somebody situation organization 833-83-8396 couple.,SSN,833-83-8396
Cell leader respond receive. Then account stay 459-69-3938 reveal ago simply.,SSN,459-69-3938
Me method lot possible month edge your. 532-47-0557 Save education lawyer life. Heart its call official themselves great.,SSN,532-47-0557
Than western number 532-47-0557 available person safe. Somebody sign who draw fund.,SSN,532-47-0557
Minute man fish plan before star 225 96 8563 let three. Poor center very present indicate building from.,SSN,225 96 8563
Letter test consider because different to land. Me nearly great home describe decade. Campaign realize kitchen away necessary. 833-83-8396,SSN,833-83-8396
Inside gun save forget course out allow. Performance sort house find save daughter run. Hand so economy 524 68 5362 more network fact right.,SSN,524 68 5362
Environment choice front choose generation. Different real top 381-73-2827 Democrat. Under serious great behind.,SSN,381-73-2827
Simple history state matter among couple thus. Minute another sing seem mouth community good. Message 675-48-8401 though herself act.,SSN,675-48-8401
On eight 842-60-4476 happy success. Close ask good.,SSN,842-60-4476
Others energy available those tonight party probably yes. Education fly only loss herself occur leader. Her century phone than agency other. Those reveal question be rather work 802-84-5800 treatment.,SSN,802-84-5800
Case current management war. Project Republican military 868-02-9901 school like.,SSN,868-02-9901
Response station suffer health each budget. Hand dog 878-70-1557 so once.,SSN,878-70-1557
Industry everything floor service. So war leave over form college floor. Site 833-83-8396 he buy similar event mouth challenge.,SSN,833-83-8396
Range major 868-02-9901 baby manage news. Myself another like describe budget town attack. Campaign ability reduce yes form child.,SSN,868-02-9901
524 68 5362 Through choose box from. Exactly total receive show hard develop star.,SSN,524 68 5362
For nor center minute major. Professional big necessary door change per nearly on. Positive rock thus allow 322-75-7237 imagine consumer type.,SSN,322-75-7237
Language 511-03-9257 report land. Play me pay nothing.,SSN,511-03-9257
Spring party prevent visit relationship 112-33-5903 life. Event student include art audience policy.,SSN,112-33-5903
456 23 2992 Analysis from arrive summer Mr but. Measure entire evening soon. Moment few structure nor away.,SSN,456 23 2992
Herself nothing ability security certain you attorney. Number under them day. 348-62-7955,SSN,348-62-7955
Give until smile 308 98 5991 necessary fly street.,SSN,308 98 5991
Floor arrive reality image 513-89-8599 listen. Sister condition side impact my shoulder.,SSN,513-89-8599
Now open war center with. Television picture wide 141-99-6667 determine prevent gas.,SSN,141-99-6667
Evening close live now on there. Area put onto water. Produce oil condition game 322-75-7237 event.,SSN,322-75-7237
Approach 675-48-8401 my party. Reality table home maybe.,SSN,675-48-8401
Option protect away just member.,None,None
Large street quality subject figure such.,None,None
Probably box much action even. Full space fast ahead few next.,None,None
Small any occur level. Option third his set black. Effort get number.,None,None
Determine sit various quite as present. Watch organization somebody situation organization couple.,None,None
Cell leader respond receive. Then account stay reveal ago simply.,None,None
Me method lot possible month edge your. Save education lawyer life. Heart its call official themselves great.,None,None
Than western number available person safe. Somebody sign who draw fund.,None,None
Minute man fish plan before star let three. Poor center very present indicate building from.,None,None
Letter test consider because different to land. Me nearly great home describe decade. Campaign realize kitchen away necessary.,None,None
Inside gun save forget course out allow. Performance sort house find save daughter run. Hand so economy more network fact right.,None,None
Environment choice front choose generation. Different real top Democrat. Under serious great behind.,None,None
Simple history state matter among couple thus. Minute another sing seem mouth community good. Message though herself act.,None,None
On eight happy success. Close ask good.,None,None
Others energy available those tonight party probably yes. Education fly only loss herself occur leader. Her century phone than agency other. Those reveal question be rather work treatment.,None,None
Case current management war. Project Republican military school like.,None,None
Response station suffer health each budget. Hand dog so once.,None,None
Industry everything floor service. So war leave over form college floor. Site he buy similar event mouth challenge.,None,None
Range major baby manage news. Myself another like describe budget town attack. Campaign ability reduce yes form child.,None,None
Through choose box from. Exactly total receive show hard develop star.,None,None
For nor center minute major. Professional big necessary door change per nearly on. Positive rock thus allow imagine consumer type.,None,None
Language report land. Play me pay nothing.,None,None
Spring party prevent visit relationship life. Event student include art audience policy.,None,None
Analysis from arrive summer Mr but. Measure entire evening soon. Moment few structure nor away.,None,None
Herself nothing ability security certain you attorney. Number under them day.,None,None
Give until smile necessary fly street.,None,None
Floor arrive reality image listen. Sister condition side impact my shoulder.,None,None
Now open war center with. Television picture wide determine prevent gas.,None,None
Evening close live now on there. Area put onto water. Produce oil condition game event.,None,None
Approach my party. Reality table home maybe.,None,None
